<?xml version="1.0" encoding="UTF-8" standalone="no"?>
<folder dummy="true" handle="" name="ROOT" path="IBFS:">
    <folder dummy="true" handle="" name="EDA" path="IBFS:/EDA">
        <folder dummy="true" handle="" name="EDASERVE" path="IBFS:/EDA/EDASERVE">
            <folder dummy="false" handle="" name="baseapp" path="IBFS:/EDA/EDASERVE/baseapp">
                <item dummy="false" handle="" name="finaltable1_lance.mas" path="IBFS:/EDA/EDASERVE/baseapp/finaltable1_lance.mas"/>
                <item dummy="false" handle="" name="inventorytotals.mas" path="IBFS:/EDA/EDASERVE/baseapp/inventorytotals.mas"/>
                <item dummy="false" handle="" name="profile.fex" path="IBFS:/EDA/EDASERVE/baseapp/profile.fex"/>
                <item dummy="false" handle="" name="setvars.fex" path="IBFS:/EDA/EDASERVE/baseapp/setvars.fex"/>
                <item dummy="false" handle="" name="setvars_1.fex" path="IBFS:/EDA/EDASERVE/baseapp/setvars_1.fex"/>
                <item dummy="false" handle="" name="test_upload.acx" path="IBFS:/EDA/EDASERVE/baseapp/test_upload.acx"/>
                <item dummy="false" handle="" name="test_upload.mas" path="IBFS:/EDA/EDASERVE/baseapp/test_upload.mas"/>
                <item dummy="false" handle="" name="transparency_report.acx" path="IBFS:/EDA/EDASERVE/baseapp/transparency_report.acx"/>
                <item dummy="false" handle="" name="transparency_report.mas" path="IBFS:/EDA/EDASERVE/baseapp/transparency_report.mas"/>
                <item dummy="false" handle="" name="transparency_report_regions.acx" path="IBFS:/EDA/EDASERVE/baseapp/transparency_report_regions.acx"/>
                <item dummy="false" handle="" name="transparency_report_regions.mas" path="IBFS:/EDA/EDASERVE/baseapp/transparency_report_regions.mas"/>
            </folder>
            <folder dummy="false" handle="" name="ncs_application" path="IBFS:/EDA/EDASERVE/ncs_application">
                <item dummy="false" handle="" name="address.acx" path="IBFS:/EDA/EDASERVE/ncs_application/address.acx"/>
                <item dummy="false" handle="" name="address.mas" path="IBFS:/EDA/EDASERVE/ncs_application/address.mas"/>
                <item dummy="false" handle="" name="alertsbar.png" path="IBFS:/EDA/EDASERVE/ncs_application/alertsbar.png"/>
                <item dummy="false" handle="" name="assessment_alert_details.acx" path="IBFS:/EDA/EDASERVE/ncs_application/assessment_alert_details.acx"/>
                <item dummy="false" handle="" name="assessment_alert_details.mas" path="IBFS:/EDA/EDASERVE/ncs_application/assessment_alert_details.mas"/>
                <item dummy="false" handle="" name="assessment_alert_transactions.acx" path="IBFS:/EDA/EDASERVE/ncs_application/assessment_alert_transactions.acx"/>
                <item dummy="false" handle="" name="assessment_alert_transactions.mas" path="IBFS:/EDA/EDASERVE/ncs_application/assessment_alert_transactions.mas"/>
                <item dummy="false" handle="" name="assessment_blue_box.acx" path="IBFS:/EDA/EDASERVE/ncs_application/assessment_blue_box.acx"/>
                <item dummy="false" handle="" name="assessment_blue_box.mas" path="IBFS:/EDA/EDASERVE/ncs_application/assessment_blue_box.mas"/>
                <item dummy="false" handle="" name="assessment_flags.acx" path="IBFS:/EDA/EDASERVE/ncs_application/assessment_flags.acx"/>
                <item dummy="false" handle="" name="assessment_flags.mas" path="IBFS:/EDA/EDASERVE/ncs_application/assessment_flags.mas"/>
                <item dummy="false" handle="" name="assessment_metadata.acx" path="IBFS:/EDA/EDASERVE/ncs_application/assessment_metadata.acx"/>
                <item dummy="false" handle="" name="assessment_metadata.mas" path="IBFS:/EDA/EDASERVE/ncs_application/assessment_metadata.mas"/>
                <item dummy="false" handle="" name="assessment_notes.acx" path="IBFS:/EDA/EDASERVE/ncs_application/assessment_notes.acx"/>
                <item dummy="false" handle="" name="assessment_notes.mas" path="IBFS:/EDA/EDASERVE/ncs_application/assessment_notes.mas"/>
                <item dummy="false" handle="" name="assessment_numbers.acx" path="IBFS:/EDA/EDASERVE/ncs_application/assessment_numbers.acx"/>
                <item dummy="false" handle="" name="assessment_numbers.mas" path="IBFS:/EDA/EDASERVE/ncs_application/assessment_numbers.mas"/>
                <item dummy="false" handle="" name="assessment_questions.acx" path="IBFS:/EDA/EDASERVE/ncs_application/assessment_questions.acx"/>
                <item dummy="false" handle="" name="assessment_questions.mas" path="IBFS:/EDA/EDASERVE/ncs_application/assessment_questions.mas"/>
                <item dummy="false" handle="" name="assessment_view_log.acx" path="IBFS:/EDA/EDASERVE/ncs_application/assessment_view_log.acx"/>
                <item dummy="false" handle="" name="assessment_view_log.mas" path="IBFS:/EDA/EDASERVE/ncs_application/assessment_view_log.mas"/>
                <item dummy="false" handle="" name="californiaprodaddressesgeo.acx" path="IBFS:/EDA/EDASERVE/ncs_application/californiaprodaddressesgeo.acx"/>
                <item dummy="false" handle="" name="californiaprodaddressesgeo.mas" path="IBFS:/EDA/EDASERVE/ncs_application/californiaprodaddressesgeo.mas"/>
                <item dummy="false" handle="" name="companies.acx" path="IBFS:/EDA/EDASERVE/ncs_application/companies.acx"/>
                <item dummy="false" handle="" name="companies.mas" path="IBFS:/EDA/EDASERVE/ncs_application/companies.mas"/>
                <item dummy="false" handle="" name="company_address.acx" path="IBFS:/EDA/EDASERVE/ncs_application/company_address.acx"/>
                <item dummy="false" handle="" name="company_address.mas" path="IBFS:/EDA/EDASERVE/ncs_application/company_address.mas"/>
                <item dummy="false" handle="" name="csv_cultivation_transfer.acx" path="IBFS:/EDA/EDASERVE/ncs_application/csv_cultivation_transfer.acx"/>
                <item dummy="false" handle="" name="csv_cultivation_transfer.mas" path="IBFS:/EDA/EDASERVE/ncs_application/csv_cultivation_transfer.mas"/>
                <item dummy="false" handle="" name="csv_cultivation_transfer_clustered.acx" path="IBFS:/EDA/EDASERVE/ncs_application/csv_cultivation_transfer_clustered.acx"/>
                <item dummy="false" handle="" name="csv_cultivation_transfer_clustered.mas" path="IBFS:/EDA/EDASERVE/ncs_application/csv_cultivation_transfer_clustered.mas"/>
                <item dummy="false" handle="" name="csv_cultivator.acx" path="IBFS:/EDA/EDASERVE/ncs_application/csv_cultivator.acx"/>
                <item dummy="false" handle="" name="csv_cultivator.mas" path="IBFS:/EDA/EDASERVE/ncs_application/csv_cultivator.mas"/>
                <item dummy="false" handle="" name="csv_cultivator_clustered.acx" path="IBFS:/EDA/EDASERVE/ncs_application/csv_cultivator_clustered.acx"/>
                <item dummy="false" handle="" name="csv_cultivator_clustered.mas" path="IBFS:/EDA/EDASERVE/ncs_application/csv_cultivator_clustered.mas"/>
                <item dummy="false" handle="" name="csv_manufacturer.acx" path="IBFS:/EDA/EDASERVE/ncs_application/csv_manufacturer.acx"/>
                <item dummy="false" handle="" name="csv_manufacturer.mas" path="IBFS:/EDA/EDASERVE/ncs_application/csv_manufacturer.mas"/>
                <item dummy="false" handle="" name="csv_manufacturer_clustered.acx" path="IBFS:/EDA/EDASERVE/ncs_application/csv_manufacturer_clustered.acx"/>
                <item dummy="false" handle="" name="csv_manufacturer_clustered.mas" path="IBFS:/EDA/EDASERVE/ncs_application/csv_manufacturer_clustered.mas"/>
                <item dummy="false" handle="" name="csv_manufacturing_transfer.acx" path="IBFS:/EDA/EDASERVE/ncs_application/csv_manufacturing_transfer.acx"/>
                <item dummy="false" handle="" name="csv_manufacturing_transfer.mas" path="IBFS:/EDA/EDASERVE/ncs_application/csv_manufacturing_transfer.mas"/>
                <item dummy="false" handle="" name="csv_manufacturing_transfer_clustered.acx" path="IBFS:/EDA/EDASERVE/ncs_application/csv_manufacturing_transfer_clustered.acx"/>
                <item dummy="false" handle="" name="csv_manufacturing_transfer_clustered.mas" path="IBFS:/EDA/EDASERVE/ncs_application/csv_manufacturing_transfer_clustered.mas"/>
                <item dummy="false" handle="" name="csv_retail.acx" path="IBFS:/EDA/EDASERVE/ncs_application/csv_retail.acx"/>
                <item dummy="false" handle="" name="csv_retail.mas" path="IBFS:/EDA/EDASERVE/ncs_application/csv_retail.mas"/>
                <item dummy="false" handle="" name="csv_retail_clustered.acx" path="IBFS:/EDA/EDASERVE/ncs_application/csv_retail_clustered.acx"/>
                <item dummy="false" handle="" name="csv_retail_clustered.mas" path="IBFS:/EDA/EDASERVE/ncs_application/csv_retail_clustered.mas"/>
                <item dummy="false" handle="" name="csv_tax.acx" path="IBFS:/EDA/EDASERVE/ncs_application/csv_tax.acx"/>
                <item dummy="false" handle="" name="csv_tax.mas" path="IBFS:/EDA/EDASERVE/ncs_application/csv_tax.mas"/>
                <item dummy="false" handle="" name="csv_tax_clustered.acx" path="IBFS:/EDA/EDASERVE/ncs_application/csv_tax_clustered.acx"/>
                <item dummy="false" handle="" name="csv_tax_clustered.mas" path="IBFS:/EDA/EDASERVE/ncs_application/csv_tax_clustered.mas"/>
                <item dummy="false" handle="" name="cultivation.acx" path="IBFS:/EDA/EDASERVE/ncs_application/cultivation.acx"/>
                <item dummy="false" handle="" name="cultivation.mas" path="IBFS:/EDA/EDASERVE/ncs_application/cultivation.mas"/>
                <item dummy="false" handle="" name="dashboard_locations.acx" path="IBFS:/EDA/EDASERVE/ncs_application/dashboard_locations.acx"/>
                <item dummy="false" handle="" name="dashboard_locations.mas" path="IBFS:/EDA/EDASERVE/ncs_application/dashboard_locations.mas"/>
                <item dummy="false" handle="" name="location.acx" path="IBFS:/EDA/EDASERVE/ncs_application/location.acx"/>
                <item dummy="false" handle="" name="location.mas" path="IBFS:/EDA/EDASERVE/ncs_application/location.mas"/>
                <item dummy="false" handle="" name="location_address.acx" path="IBFS:/EDA/EDASERVE/ncs_application/location_address.acx"/>
                <item dummy="false" handle="" name="location_address.mas" path="IBFS:/EDA/EDASERVE/ncs_application/location_address.mas"/>
                <item dummy="false" handle="" name="location_phone.acx" path="IBFS:/EDA/EDASERVE/ncs_application/location_phone.acx"/>
                <item dummy="false" handle="" name="location_phone.mas" path="IBFS:/EDA/EDASERVE/ncs_application/location_phone.mas"/>
                <item dummy="false" handle="" name="locnamtab.mas" path="IBFS:/EDA/EDASERVE/ncs_application/locnamtab.mas"/>
                <item dummy="false" handle="" name="manufacturing.acx" path="IBFS:/EDA/EDASERVE/ncs_application/manufacturing.acx"/>
                <item dummy="false" handle="" name="manufacturing.mas" path="IBFS:/EDA/EDASERVE/ncs_application/manufacturing.mas"/>
                <item dummy="false" handle="" name="manufacturing_debug.acx" path="IBFS:/EDA/EDASERVE/ncs_application/manufacturing_debug.acx"/>
                <item dummy="false" handle="" name="manufacturing_debug.mas" path="IBFS:/EDA/EDASERVE/ncs_application/manufacturing_debug.mas"/>
                <item dummy="false" handle="" name="mcom_facilities.acx" path="IBFS:/EDA/EDASERVE/ncs_application/mcom_facilities.acx"/>
                <item dummy="false" handle="" name="mcom_facilities.mas" path="IBFS:/EDA/EDASERVE/ncs_application/mcom_facilities.mas"/>
                <item dummy="false" handle="" name="mcom_packages.acx" path="IBFS:/EDA/EDASERVE/ncs_application/mcom_packages.acx"/>
                <item dummy="false" handle="" name="mcom_packages.mas" path="IBFS:/EDA/EDASERVE/ncs_application/mcom_packages.mas"/>
                <item dummy="false" handle="" name="mcom_transfers.acx" path="IBFS:/EDA/EDASERVE/ncs_application/mcom_transfers.acx"/>
                <item dummy="false" handle="" name="mcom_transfers.mas" path="IBFS:/EDA/EDASERVE/ncs_application/mcom_transfers.mas"/>
                <item dummy="false" handle="" name="mcsv2_facilities.acx" path="IBFS:/EDA/EDASERVE/ncs_application/mcsv2_facilities.acx"/>
                <item dummy="false" handle="" name="mcsv2_facilities.mas" path="IBFS:/EDA/EDASERVE/ncs_application/mcsv2_facilities.mas"/>
                <item dummy="false" handle="" name="mcsv_facilities.acx" path="IBFS:/EDA/EDASERVE/ncs_application/mcsv_facilities.acx"/>
                <item dummy="false" handle="" name="mcsv_facilities.mas" path="IBFS:/EDA/EDASERVE/ncs_application/mcsv_facilities.mas"/>
                <item dummy="false" handle="" name="mcsv_harvest.acx" path="IBFS:/EDA/EDASERVE/ncs_application/mcsv_harvest.acx"/>
                <item dummy="false" handle="" name="mcsv_harvest.mas" path="IBFS:/EDA/EDASERVE/ncs_application/mcsv_harvest.mas"/>
                <item dummy="false" handle="" name="mcsv_packages_active.acx" path="IBFS:/EDA/EDASERVE/ncs_application/mcsv_packages_active.acx"/>
                <item dummy="false" handle="" name="mcsv_packages_active.mas" path="IBFS:/EDA/EDASERVE/ncs_application/mcsv_packages_active.mas"/>
                <item dummy="false" handle="" name="mcsv_plants.acx" path="IBFS:/EDA/EDASERVE/ncs_application/mcsv_plants.acx"/>
                <item dummy="false" handle="" name="mcsv_plants.mas" path="IBFS:/EDA/EDASERVE/ncs_application/mcsv_plants.mas"/>
                <item dummy="false" handle="" name="mcsv_sales_receipts.acx" path="IBFS:/EDA/EDASERVE/ncs_application/mcsv_sales_receipts.acx"/>
                <item dummy="false" handle="" name="mcsv_sales_receipts.mas" path="IBFS:/EDA/EDASERVE/ncs_application/mcsv_sales_receipts.mas"/>
                <item dummy="false" handle="" name="mcsv_transfers.acx" path="IBFS:/EDA/EDASERVE/ncs_application/mcsv_transfers.acx"/>
                <item dummy="false" handle="" name="mcsv_transfers.mas" path="IBFS:/EDA/EDASERVE/ncs_application/mcsv_transfers.mas"/>
                <item dummy="false" handle="" name="mntendgrphic.png" path="IBFS:/EDA/EDASERVE/ncs_application/mntendgrphic.png"/>
                <item dummy="false" handle="" name="month_end_calendar.acx" path="IBFS:/EDA/EDASERVE/ncs_application/month_end_calendar.acx"/>
                <item dummy="false" handle="" name="month_end_calendar.mas" path="IBFS:/EDA/EDASERVE/ncs_application/month_end_calendar.mas"/>
                <item dummy="false" handle="" name="month_end_cluster.acx" path="IBFS:/EDA/EDASERVE/ncs_application/month_end_cluster.acx"/>
                <item dummy="false" handle="" name="month_end_cluster.mas" path="IBFS:/EDA/EDASERVE/ncs_application/month_end_cluster.mas"/>
                <item dummy="false" handle="" name="month_end_report.acx" path="IBFS:/EDA/EDASERVE/ncs_application/month_end_report.acx"/>
                <item dummy="false" handle="" name="month_end_report.mas" path="IBFS:/EDA/EDASERVE/ncs_application/month_end_report.mas"/>
                <item dummy="false" handle="" name="ncs_logo_horizontal_cmyk_small.jpg" path="IBFS:/EDA/EDASERVE/ncs_application/ncs_logo_horizontal_cmyk_small.jpg"/>
                <item dummy="false" handle="" name="ncs_logo_platform_min.jpg" path="IBFS:/EDA/EDASERVE/ncs_application/ncs_logo_platform_min.jpg"/>
                <item dummy="false" handle="" name="ncs_logo_platform_min100.jpg" path="IBFS:/EDA/EDASERVE/ncs_application/ncs_logo_platform_min100.jpg"/>
                <item dummy="false" handle="" name="ncs_logo_platform_min24.jpg" path="IBFS:/EDA/EDASERVE/ncs_application/ncs_logo_platform_min24.jpg"/>
                <item dummy="false" handle="" name="ncs_logo_platform_min50.jpg" path="IBFS:/EDA/EDASERVE/ncs_application/ncs_logo_platform_min50.jpg"/>
                <item dummy="false" handle="" name="ncs_logo_platformmin.jpg" path="IBFS:/EDA/EDASERVE/ncs_application/ncs_logo_platformmin.jpg"/>
                <item dummy="false" handle="" name="ncs_reports_dropdown_alert_history.mas" path="IBFS:/EDA/EDASERVE/ncs_application/ncs_reports_dropdown_alert_history.mas"/>
                <item dummy="false" handle="" name="ncs_reports_flag_column_names.mas" path="IBFS:/EDA/EDASERVE/ncs_application/ncs_reports_flag_column_names.mas"/>
                <item dummy="false" handle="" name="nonadmin_user_region.acx" path="IBFS:/EDA/EDASERVE/ncs_application/nonadmin_user_region.acx"/>
                <item dummy="false" handle="" name="nonadmin_user_region.mas" path="IBFS:/EDA/EDASERVE/ncs_application/nonadmin_user_region.mas"/>
                <item dummy="false" handle="" name="organization_address.acx" path="IBFS:/EDA/EDASERVE/ncs_application/organization_address.acx"/>
                <item dummy="false" handle="" name="organization_address.mas" path="IBFS:/EDA/EDASERVE/ncs_application/organization_address.mas"/>
                <item dummy="false" handle="" name="organization_user.acx" path="IBFS:/EDA/EDASERVE/ncs_application/organization_user.acx"/>
                <item dummy="false" handle="" name="organization_user.mas" path="IBFS:/EDA/EDASERVE/ncs_application/organization_user.mas"/>
                <item dummy="false" handle="" name="organizations.acx" path="IBFS:/EDA/EDASERVE/ncs_application/organizations.acx"/>
                <item dummy="false" handle="" name="organizations.mas" path="IBFS:/EDA/EDASERVE/ncs_application/organizations.mas"/>
                <item dummy="false" handle="" name="phone.acx" path="IBFS:/EDA/EDASERVE/ncs_application/phone.acx"/>
                <item dummy="false" handle="" name="phone.mas" path="IBFS:/EDA/EDASERVE/ncs_application/phone.mas"/>
                <item dummy="false" handle="" name="portfolio_logic.acx" path="IBFS:/EDA/EDASERVE/ncs_application/portfolio_logic.acx"/>
                <item dummy="false" handle="" name="portfolio_logic.mas" path="IBFS:/EDA/EDASERVE/ncs_application/portfolio_logic.mas"/>
                <item dummy="false" handle="" name="pos_harvests.acx" path="IBFS:/EDA/EDASERVE/ncs_application/pos_harvests.acx"/>
                <item dummy="false" handle="" name="pos_harvests.mas" path="IBFS:/EDA/EDASERVE/ncs_application/pos_harvests.mas"/>
                <item dummy="false" handle="" name="pos_items.acx" path="IBFS:/EDA/EDASERVE/ncs_application/pos_items.acx"/>
                <item dummy="false" handle="" name="pos_items.mas" path="IBFS:/EDA/EDASERVE/ncs_application/pos_items.mas"/>
                <item dummy="false" handle="" name="pos_package_ingredients.acx" path="IBFS:/EDA/EDASERVE/ncs_application/pos_package_ingredients.acx"/>
                <item dummy="false" handle="" name="pos_package_ingredients.mas" path="IBFS:/EDA/EDASERVE/ncs_application/pos_package_ingredients.mas"/>
                <item dummy="false" handle="" name="pos_packages.acx" path="IBFS:/EDA/EDASERVE/ncs_application/pos_packages.acx"/>
                <item dummy="false" handle="" name="pos_packages.mas" path="IBFS:/EDA/EDASERVE/ncs_application/pos_packages.mas"/>
                <item dummy="false" handle="" name="pos_plant_batches.acx" path="IBFS:/EDA/EDASERVE/ncs_application/pos_plant_batches.acx"/>
                <item dummy="false" handle="" name="pos_plant_batches.mas" path="IBFS:/EDA/EDASERVE/ncs_application/pos_plant_batches.mas"/>
                <item dummy="false" handle="" name="pos_plants.acx" path="IBFS:/EDA/EDASERVE/ncs_application/pos_plants.acx"/>
                <item dummy="false" handle="" name="pos_plants.mas" path="IBFS:/EDA/EDASERVE/ncs_application/pos_plants.mas"/>
                <item dummy="false" handle="" name="pos_rooms.acx" path="IBFS:/EDA/EDASERVE/ncs_application/pos_rooms.acx"/>
                <item dummy="false" handle="" name="pos_rooms.mas" path="IBFS:/EDA/EDASERVE/ncs_application/pos_rooms.mas"/>
                <item dummy="false" handle="" name="pos_sales_receipts.acx" path="IBFS:/EDA/EDASERVE/ncs_application/pos_sales_receipts.acx"/>
                <item dummy="false" handle="" name="pos_sales_receipts.mas" path="IBFS:/EDA/EDASERVE/ncs_application/pos_sales_receipts.mas"/>
                <item dummy="false" handle="" name="pos_sales_transactions.acx" path="IBFS:/EDA/EDASERVE/ncs_application/pos_sales_transactions.acx"/>
                <item dummy="false" handle="" name="pos_sales_transactions.mas" path="IBFS:/EDA/EDASERVE/ncs_application/pos_sales_transactions.mas"/>
                <item dummy="false" handle="" name="pos_strains.acx" path="IBFS:/EDA/EDASERVE/ncs_application/pos_strains.acx"/>
                <item dummy="false" handle="" name="pos_strains.mas" path="IBFS:/EDA/EDASERVE/ncs_application/pos_strains.mas"/>
                <item dummy="false" handle="" name="pos_vendors.acx" path="IBFS:/EDA/EDASERVE/ncs_application/pos_vendors.acx"/>
                <item dummy="false" handle="" name="pos_vendors.mas" path="IBFS:/EDA/EDASERVE/ncs_application/pos_vendors.mas"/>
                <item dummy="false" handle="" name="region_location.acx" path="IBFS:/EDA/EDASERVE/ncs_application/region_location.acx"/>
                <item dummy="false" handle="" name="region_location.mas" path="IBFS:/EDA/EDASERVE/ncs_application/region_location.mas"/>
                <item dummy="false" handle="" name="regionidfilter.mas" path="IBFS:/EDA/EDASERVE/ncs_application/regionidfilter.mas"/>
                <item dummy="false" handle="" name="regions.acx" path="IBFS:/EDA/EDASERVE/ncs_application/regions.acx"/>
                <item dummy="false" handle="" name="regions.mas" path="IBFS:/EDA/EDASERVE/ncs_application/regions.mas"/>
                <item dummy="false" handle="" name="report1.fex" path="IBFS:/EDA/EDASERVE/ncs_application/report1.fex"/>
                <item dummy="false" handle="" name="retail.acx" path="IBFS:/EDA/EDASERVE/ncs_application/retail.acx"/>
                <item dummy="false" handle="" name="retail.mas" path="IBFS:/EDA/EDASERVE/ncs_application/retail.mas"/>
                <item dummy="false" handle="" name="roles.acx" path="IBFS:/EDA/EDASERVE/ncs_application/roles.acx"/>
                <item dummy="false" handle="" name="roles.mas" path="IBFS:/EDA/EDASERVE/ncs_application/roles.mas"/>
                <item dummy="false" handle="" name="summary_cultivator.acx" path="IBFS:/EDA/EDASERVE/ncs_application/summary_cultivator.acx"/>
                <item dummy="false" handle="" name="summary_cultivator.mas" path="IBFS:/EDA/EDASERVE/ncs_application/summary_cultivator.mas"/>
                <item dummy="false" handle="" name="summary_plants.acx" path="IBFS:/EDA/EDASERVE/ncs_application/summary_plants.acx"/>
                <item dummy="false" handle="" name="summary_plants.mas" path="IBFS:/EDA/EDASERVE/ncs_application/summary_plants.mas"/>
                <item dummy="false" handle="" name="summary_retailer.acx" path="IBFS:/EDA/EDASERVE/ncs_application/summary_retailer.acx"/>
                <item dummy="false" handle="" name="summary_retailer.mas" path="IBFS:/EDA/EDASERVE/ncs_application/summary_retailer.mas"/>
                <item dummy="false" handle="" name="summary_transfer.acx" path="IBFS:/EDA/EDASERVE/ncs_application/summary_transfer.acx"/>
                <item dummy="false" handle="" name="summary_transfer.mas" path="IBFS:/EDA/EDASERVE/ncs_application/summary_transfer.mas"/>
                <item dummy="false" handle="" name="taxes.acx" path="IBFS:/EDA/EDASERVE/ncs_application/taxes.acx"/>
                <item dummy="false" handle="" name="taxes.mas" path="IBFS:/EDA/EDASERVE/ncs_application/taxes.mas"/>
                <item dummy="false" handle="" name="taxes_clustered.acx" path="IBFS:/EDA/EDASERVE/ncs_application/taxes_clustered.acx"/>
                <item dummy="false" handle="" name="taxes_clustered.mas" path="IBFS:/EDA/EDASERVE/ncs_application/taxes_clustered.mas"/>
                <item dummy="false" handle="" name="testsales.acx" path="IBFS:/EDA/EDASERVE/ncs_application/testsales.acx"/>
                <item dummy="false" handle="" name="testsales.mas" path="IBFS:/EDA/EDASERVE/ncs_application/testsales.mas"/>
                <item dummy="false" handle="" name="transfer_sales.acx" path="IBFS:/EDA/EDASERVE/ncs_application/transfer_sales.acx"/>
                <item dummy="false" handle="" name="transfer_sales.mas" path="IBFS:/EDA/EDASERVE/ncs_application/transfer_sales.mas"/>
                <item dummy="false" handle="" name="transparency_report.acx" path="IBFS:/EDA/EDASERVE/ncs_application/transparency_report.acx"/>
                <item dummy="false" handle="" name="transparency_report.mas" path="IBFS:/EDA/EDASERVE/ncs_application/transparency_report.mas"/>
                <item dummy="false" handle="" name="transparency_report_regions.acx" path="IBFS:/EDA/EDASERVE/ncs_application/transparency_report_regions.acx"/>
                <item dummy="false" handle="" name="transparency_report_regions.mas" path="IBFS:/EDA/EDASERVE/ncs_application/transparency_report_regions.mas"/>
                <item dummy="false" handle="" name="user_address.acx" path="IBFS:/EDA/EDASERVE/ncs_application/user_address.acx"/>
                <item dummy="false" handle="" name="user_address.mas" path="IBFS:/EDA/EDASERVE/ncs_application/user_address.mas"/>
                <item dummy="false" handle="" name="user_region.acx" path="IBFS:/EDA/EDASERVE/ncs_application/user_region.acx"/>
                <item dummy="false" handle="" name="user_region.mas" path="IBFS:/EDA/EDASERVE/ncs_application/user_region.mas"/>
                <item dummy="false" handle="" name="user_roles.acx" path="IBFS:/EDA/EDASERVE/ncs_application/user_roles.acx"/>
                <item dummy="false" handle="" name="user_roles.mas" path="IBFS:/EDA/EDASERVE/ncs_application/user_roles.mas"/>
                <item dummy="false" handle="" name="userregionfiltering.acx" path="IBFS:/EDA/EDASERVE/ncs_application/userregionfiltering.acx"/>
                <item dummy="false" handle="" name="userregionfiltering.mas" path="IBFS:/EDA/EDASERVE/ncs_application/userregionfiltering.mas"/>
                <item dummy="false" handle="" name="users.acx" path="IBFS:/EDA/EDASERVE/ncs_application/users.acx"/>
                <item dummy="false" handle="" name="users.mas" path="IBFS:/EDA/EDASERVE/ncs_application/users.mas"/>
                <item dummy="false" handle="" name="vw_rp_alert_detail_pivot.acx" path="IBFS:/EDA/EDASERVE/ncs_application/vw_rp_alert_detail_pivot.acx"/>
                <item dummy="false" handle="" name="vw_rp_alert_detail_pivot.mas" path="IBFS:/EDA/EDASERVE/ncs_application/vw_rp_alert_detail_pivot.mas"/>
                <item dummy="false" handle="" name="vw_rp_alert_questions.acx" path="IBFS:/EDA/EDASERVE/ncs_application/vw_rp_alert_questions.acx"/>
                <item dummy="false" handle="" name="vw_rp_alert_questions.mas" path="IBFS:/EDA/EDASERVE/ncs_application/vw_rp_alert_questions.mas"/>
                <item dummy="false" handle="" name="vw_rp_bankdeposits.acx" path="IBFS:/EDA/EDASERVE/ncs_application/vw_rp_bankdeposits.acx"/>
                <item dummy="false" handle="" name="vw_rp_bankdeposits.mas" path="IBFS:/EDA/EDASERVE/ncs_application/vw_rp_bankdeposits.mas"/>
                <item dummy="false" handle="" name="vw_rp_companyreportedsales.acx" path="IBFS:/EDA/EDASERVE/ncs_application/vw_rp_companyreportedsales.acx"/>
                <item dummy="false" handle="" name="vw_rp_companyreportedsales.mas" path="IBFS:/EDA/EDASERVE/ncs_application/vw_rp_companyreportedsales.mas"/>
                <item dummy="false" handle="" name="vw_rp_companytaxes.acx" path="IBFS:/EDA/EDASERVE/ncs_application/vw_rp_companytaxes.acx"/>
                <item dummy="false" handle="" name="vw_rp_companytaxes.mas" path="IBFS:/EDA/EDASERVE/ncs_application/vw_rp_companytaxes.mas"/>
                <item dummy="false" handle="" name="vw_rp_cultivation.acx" path="IBFS:/EDA/EDASERVE/ncs_application/vw_rp_cultivation.acx"/>
                <item dummy="false" handle="" name="vw_rp_cultivation.mas" path="IBFS:/EDA/EDASERVE/ncs_application/vw_rp_cultivation.mas"/>
                <item dummy="false" handle="" name="vw_rp_dashboard_alerts.acx" path="IBFS:/EDA/EDASERVE/ncs_application/vw_rp_dashboard_alerts.acx"/>
                <item dummy="false" handle="" name="vw_rp_dashboard_alerts.mas" path="IBFS:/EDA/EDASERVE/ncs_application/vw_rp_dashboard_alerts.mas"/>
                <item dummy="false" handle="" name="vw_rp_dashboard_filter_alerts.acx" path="IBFS:/EDA/EDASERVE/ncs_application/vw_rp_dashboard_filter_alerts.acx"/>
                <item dummy="false" handle="" name="vw_rp_dashboard_filter_alerts.mas" path="IBFS:/EDA/EDASERVE/ncs_application/vw_rp_dashboard_filter_alerts.mas"/>
                <item dummy="false" handle="" name="vw_rp_data_source.acx" path="IBFS:/EDA/EDASERVE/ncs_application/vw_rp_data_source.acx"/>
                <item dummy="false" handle="" name="vw_rp_data_source.mas" path="IBFS:/EDA/EDASERVE/ncs_application/vw_rp_data_source.mas"/>
                <item dummy="false" handle="" name="vw_rp_flag_column_names.acx" path="IBFS:/EDA/EDASERVE/ncs_application/vw_rp_flag_column_names.acx"/>
                <item dummy="false" handle="" name="vw_rp_flag_column_names.mas" path="IBFS:/EDA/EDASERVE/ncs_application/vw_rp_flag_column_names.mas"/>
                <item dummy="false" handle="" name="vw_rp_manufacturing.acx" path="IBFS:/EDA/EDASERVE/ncs_application/vw_rp_manufacturing.acx"/>
                <item dummy="false" handle="" name="vw_rp_manufacturing.mas" path="IBFS:/EDA/EDASERVE/ncs_application/vw_rp_manufacturing.mas"/>
                <item dummy="false" handle="" name="vw_rp_notes.acx" path="IBFS:/EDA/EDASERVE/ncs_application/vw_rp_notes.acx"/>
                <item dummy="false" handle="" name="vw_rp_notes.mas" path="IBFS:/EDA/EDASERVE/ncs_application/vw_rp_notes.mas"/>
                <item dummy="false" handle="" name="vw_rp_packages.acx" path="IBFS:/EDA/EDASERVE/ncs_application/vw_rp_packages.acx"/>
                <item dummy="false" handle="" name="vw_rp_packages.mas" path="IBFS:/EDA/EDASERVE/ncs_application/vw_rp_packages.mas"/>
                <item dummy="false" handle="" name="vw_rp_packagesdetail.acx" path="IBFS:/EDA/EDASERVE/ncs_application/vw_rp_packagesdetail.acx"/>
                <item dummy="false" handle="" name="vw_rp_packagesdetail.mas" path="IBFS:/EDA/EDASERVE/ncs_application/vw_rp_packagesdetail.mas"/>
                <item dummy="false" handle="" name="vw_rp_plants.acx" path="IBFS:/EDA/EDASERVE/ncs_application/vw_rp_plants.acx"/>
                <item dummy="false" handle="" name="vw_rp_plants.mas" path="IBFS:/EDA/EDASERVE/ncs_application/vw_rp_plants.mas"/>
                <item dummy="false" handle="" name="vw_rp_report_log_joined.acx" path="IBFS:/EDA/EDASERVE/ncs_application/vw_rp_report_log_joined.acx"/>
                <item dummy="false" handle="" name="vw_rp_report_log_joined.mas" path="IBFS:/EDA/EDASERVE/ncs_application/vw_rp_report_log_joined.mas"/>
                <item dummy="false" handle="" name="vw_rp_retail.acx" path="IBFS:/EDA/EDASERVE/ncs_application/vw_rp_retail.acx"/>
                <item dummy="false" handle="" name="vw_rp_retail.mas" path="IBFS:/EDA/EDASERVE/ncs_application/vw_rp_retail.mas"/>
                <item dummy="false" handle="" name="vw_rp_transfer_details.acx" path="IBFS:/EDA/EDASERVE/ncs_application/vw_rp_transfer_details.acx"/>
                <item dummy="false" handle="" name="vw_rp_transfer_details.mas" path="IBFS:/EDA/EDASERVE/ncs_application/vw_rp_transfer_details.mas"/>
                <item dummy="false" handle="" name="vw_rp_transfer_sales.acx" path="IBFS:/EDA/EDASERVE/ncs_application/vw_rp_transfer_sales.acx"/>
                <item dummy="false" handle="" name="vw_rp_transfer_sales.mas" path="IBFS:/EDA/EDASERVE/ncs_application/vw_rp_transfer_sales.mas"/>
                <item dummy="false" handle="" name="vw_rp_transfers.acx" path="IBFS:/EDA/EDASERVE/ncs_application/vw_rp_transfers.acx"/>
                <item dummy="false" handle="" name="vw_rp_transfers.mas" path="IBFS:/EDA/EDASERVE/ncs_application/vw_rp_transfers.mas"/>
            </folder>
            <folder dummy="false" handle="" name="ncs_common" path="IBFS:/EDA/EDASERVE/ncs_common">
                <item dummy="false" handle="" name="header.mas" path="IBFS:/EDA/EDASERVE/ncs_common/header.mas"/>
                <item dummy="false" handle="" name="loctypes.mas" path="IBFS:/EDA/EDASERVE/ncs_common/loctypes.mas"/>
                <item dummy="false" handle="" name="ncs_report_log_cluster.acx" path="IBFS:/EDA/EDASERVE/ncs_common/ncs_report_log_cluster.acx"/>
                <item dummy="false" handle="" name="ncs_report_log_cluster.mas" path="IBFS:/EDA/EDASERVE/ncs_common/ncs_report_log_cluster.mas"/>
                <item dummy="false" handle="" name="report_log.acx" path="IBFS:/EDA/EDASERVE/ncs_common/report_log.acx"/>
                <item dummy="false" handle="" name="report_log.mas" path="IBFS:/EDA/EDASERVE/ncs_common/report_log.mas"/>
                <item dummy="false" handle="" name="report_log_parameters.acx" path="IBFS:/EDA/EDASERVE/ncs_common/report_log_parameters.acx"/>
                <item dummy="false" handle="" name="report_log_parameters.mas" path="IBFS:/EDA/EDASERVE/ncs_common/report_log_parameters.mas"/>
                <item dummy="false" handle="" name="vw_rp_report_log_joined.acx" path="IBFS:/EDA/EDASERVE/ncs_common/vw_rp_report_log_joined.acx"/>
                <item dummy="false" handle="" name="vw_rp_report_log_joined.mas" path="IBFS:/EDA/EDASERVE/ncs_common/vw_rp_report_log_joined.mas"/>
            </folder>
            <folder dummy="false" handle="" name="ncs_public" path="IBFS:/EDA/EDASERVE/ncs_public">
                <folder dummy="false" handle="" name="images" path="IBFS:/EDA/EDASERVE/ncs_public/images">
                    <item dummy="false" handle="" name="licensed_600_325.png" path="IBFS:/EDA/EDASERVE/ncs_public/images/licensed_600_325.png"/>
                    <item dummy="false" handle="" name="ncs_custom_loader_crunching.gif" path="IBFS:/EDA/EDASERVE/ncs_public/images/ncs_custom_loader_crunching.gif"/>
                    <item dummy="false" handle="" name="powered_by_ncs_1330_x_325.png" path="IBFS:/EDA/EDASERVE/ncs_public/images/powered_by_ncs_1330_x_325.png"/>
                    <item dummy="false" handle="" name="tr_image_big_arrow.png" path="IBFS:/EDA/EDASERVE/ncs_public/images/tr_image_big_arrow.png"/>
                    <item dummy="false" handle="" name="tr_image_bud_scale.png" path="IBFS:/EDA/EDASERVE/ncs_public/images/tr_image_bud_scale.png"/>
                    <item dummy="false" handle="" name="tr_image_california_counties.png" path="IBFS:/EDA/EDASERVE/ncs_public/images/tr_image_california_counties.png"/>
                    <item dummy="false" handle="" name="tr_image_california_counties_daniportfolio.png" path="IBFS:/EDA/EDASERVE/ncs_public/images/tr_image_california_counties_daniportfolio.png"/>
                    <item dummy="false" handle="" name="tr_image_california_counties_excel_corp.jpg" path="IBFS:/EDA/EDASERVE/ncs_public/images/tr_image_california_counties_excel_corp.jpg"/>
                    <item dummy="false" handle="" name="tr_image_california_counties_inyo.png" path="IBFS:/EDA/EDASERVE/ncs_public/images/tr_image_california_counties_inyo.png"/>
                    <item dummy="false" handle="" name="tr_image_california_counties_lassen.png" path="IBFS:/EDA/EDASERVE/ncs_public/images/tr_image_california_counties_lassen.png"/>
                    <item dummy="false" handle="" name="tr_image_california_counties_mendocino.png" path="IBFS:/EDA/EDASERVE/ncs_public/images/tr_image_california_counties_mendocino.png"/>
                    <item dummy="false" handle="" name="tr_image_california_counties_monterey.png" path="IBFS:/EDA/EDASERVE/ncs_public/images/tr_image_california_counties_monterey.png"/>
                    <item dummy="false" handle="" name="tr_image_california_counties_sanluisobispo.png" path="IBFS:/EDA/EDASERVE/ncs_public/images/tr_image_california_counties_sanluisobispo.png"/>
                    <item dummy="false" handle="" name="tr_image_california_counties_slo.png" path="IBFS:/EDA/EDASERVE/ncs_public/images/tr_image_california_counties_slo.png"/>
                    <item dummy="false" handle="" name="tr_image_california_counties_transparent.png" path="IBFS:/EDA/EDASERVE/ncs_public/images/tr_image_california_counties_transparent.png"/>
                    <item dummy="false" handle="" name="tr_image_california_counties_yolo.png" path="IBFS:/EDA/EDASERVE/ncs_public/images/tr_image_california_counties_yolo.png"/>
                    <item dummy="false" handle="" name="tr_image_california_monterey_600x600.gif" path="IBFS:/EDA/EDASERVE/ncs_public/images/tr_image_california_monterey_600x600.gif"/>
                    <item dummy="false" handle="" name="tr_image_california_monterey_600x600.png" path="IBFS:/EDA/EDASERVE/ncs_public/images/tr_image_california_monterey_600x600.png"/>
                    <item dummy="false" handle="" name="tr_image_california_state.png" path="IBFS:/EDA/EDASERVE/ncs_public/images/tr_image_california_state.png"/>
                    <item dummy="false" handle="" name="tr_image_california_state_no_text.png" path="IBFS:/EDA/EDASERVE/ncs_public/images/tr_image_california_state_no_text.png"/>
                    <item dummy="false" handle="" name="tr_image_cannabis_leaf.png" path="IBFS:/EDA/EDASERVE/ncs_public/images/tr_image_cannabis_leaf.png"/>
                    <item dummy="false" handle="" name="tr_image_cca_disclaimer.png" path="IBFS:/EDA/EDASERVE/ncs_public/images/tr_image_cca_disclaimer.png"/>
                    <item dummy="false" handle="" name="tr_image_cca_powered_by_ncs_1330_325.png" path="IBFS:/EDA/EDASERVE/ncs_public/images/tr_image_cca_powered_by_ncs_1330_325.png"/>
                    <item dummy="false" handle="" name="tr_image_cca_powered_by_ncs_1330_x_325.png" path="IBFS:/EDA/EDASERVE/ncs_public/images/tr_image_cca_powered_by_ncs_1330_x_325.png"/>
                    <item dummy="false" handle="" name="tr_image_disclaimer_645_x_300.png" path="IBFS:/EDA/EDASERVE/ncs_public/images/tr_image_disclaimer_645_x_300.png"/>
                    <item dummy="false" handle="" name="tr_image_disclaimer_660_300.png" path="IBFS:/EDA/EDASERVE/ncs_public/images/tr_image_disclaimer_660_300.png"/>
                    <item dummy="false" handle="" name="tr_image_disclaimer_660_x_300.png" path="IBFS:/EDA/EDASERVE/ncs_public/images/tr_image_disclaimer_660_x_300.png"/>
                    <item dummy="false" handle="" name="tr_image_dollar_sign.png" path="IBFS:/EDA/EDASERVE/ncs_public/images/tr_image_dollar_sign.png"/>
                    <item dummy="false" handle="" name="tr_image_map.png" path="IBFS:/EDA/EDASERVE/ncs_public/images/tr_image_map.png"/>
                    <item dummy="false" handle="" name="tr_image_plantgrow.png" path="IBFS:/EDA/EDASERVE/ncs_public/images/tr_image_plantgrow.png"/>
                    <item dummy="false" handle="" name="tr_image_powered_by_ncs.png" path="IBFS:/EDA/EDASERVE/ncs_public/images/tr_image_powered_by_ncs.png"/>
                    <item dummy="false" handle="" name="tr_image_powered_by_ncs2.png" path="IBFS:/EDA/EDASERVE/ncs_public/images/tr_image_powered_by_ncs2.png"/>
                    <item dummy="false" handle="" name="tr_image_powered_by_ncs_1330_325.png" path="IBFS:/EDA/EDASERVE/ncs_public/images/tr_image_powered_by_ncs_1330_325.png"/>
                    <item dummy="false" handle="" name="tr_image_powered_by_ncs_1330_x_325.png" path="IBFS:/EDA/EDASERVE/ncs_public/images/tr_image_powered_by_ncs_1330_x_325.png"/>
                    <item dummy="false" handle="" name="tr_image_powered_by_ncs_text.png" path="IBFS:/EDA/EDASERVE/ncs_public/images/tr_image_powered_by_ncs_text.png"/>
                    <item dummy="false" handle="" name="tr_image_retailer.png" path="IBFS:/EDA/EDASERVE/ncs_public/images/tr_image_retailer.png"/>
                    <item dummy="false" handle="" name="tr_image_rotation1_660_325.png" path="IBFS:/EDA/EDASERVE/ncs_public/images/tr_image_rotation1_660_325.png"/>
                    <item dummy="false" handle="" name="tr_image_rotation_1.png" path="IBFS:/EDA/EDASERVE/ncs_public/images/tr_image_rotation_1.png"/>
                    <item dummy="false" handle="" name="tr_image_rotation_10.png" path="IBFS:/EDA/EDASERVE/ncs_public/images/tr_image_rotation_10.png"/>
                    <item dummy="false" handle="" name="tr_image_rotation_2.png" path="IBFS:/EDA/EDASERVE/ncs_public/images/tr_image_rotation_2.png"/>
                    <item dummy="false" handle="" name="tr_image_rotation_5.png" path="IBFS:/EDA/EDASERVE/ncs_public/images/tr_image_rotation_5.png"/>
                    <item dummy="false" handle="" name="tr_image_rotation_6.png" path="IBFS:/EDA/EDASERVE/ncs_public/images/tr_image_rotation_6.png"/>
                    <item dummy="false" handle="" name="tr_image_rotation_7.png" path="IBFS:/EDA/EDASERVE/ncs_public/images/tr_image_rotation_7.png"/>
                    <item dummy="false" handle="" name="tr_image_rotation_8.png" path="IBFS:/EDA/EDASERVE/ncs_public/images/tr_image_rotation_8.png"/>
                    <item dummy="false" handle="" name="tr_image_rotation_9.png" path="IBFS:/EDA/EDASERVE/ncs_public/images/tr_image_rotation_9.png"/>
                    <item dummy="false" handle="" name="tr_image_state_california.png" path="IBFS:/EDA/EDASERVE/ncs_public/images/tr_image_state_california.png"/>
                    <item dummy="false" handle="" name="tr_image_state_map.png" path="IBFS:/EDA/EDASERVE/ncs_public/images/tr_image_state_map.png"/>
                    <item dummy="false" handle="" name="tr_image_state_michigan.png" path="IBFS:/EDA/EDASERVE/ncs_public/images/tr_image_state_michigan.png"/>
                    <item dummy="false" handle="" name="tr_image_three_leaves.png" path="IBFS:/EDA/EDASERVE/ncs_public/images/tr_image_three_leaves.png"/>
                    <item dummy="false" handle="" name="tr_image_three_leaves_cropped.png" path="IBFS:/EDA/EDASERVE/ncs_public/images/tr_image_three_leaves_cropped.png"/>
                    <item dummy="false" handle="" name="tr_image_three_leaves_cropped_200_x_60.png" path="IBFS:/EDA/EDASERVE/ncs_public/images/tr_image_three_leaves_cropped_200_x_60.png"/>
                    <item dummy="false" handle="" name="tr_image_three_plants.png" path="IBFS:/EDA/EDASERVE/ncs_public/images/tr_image_three_plants.png"/>
                    <item dummy="false" handle="" name="tr_image_three_plants_cropped.png" path="IBFS:/EDA/EDASERVE/ncs_public/images/tr_image_three_plants_cropped.png"/>
                    <item dummy="false" handle="" name="tr_image_three_plants_cropped_200_x_60.png" path="IBFS:/EDA/EDASERVE/ncs_public/images/tr_image_three_plants_cropped_200_x_60.png"/>
                    <item dummy="false" handle="" name="tr_image_transparency_logo_645_300.png" path="IBFS:/EDA/EDASERVE/ncs_public/images/tr_image_transparency_logo_645_300.png"/>
                    <item dummy="false" handle="" name="tr_image_transparency_logo_645_x_300.png" path="IBFS:/EDA/EDASERVE/ncs_public/images/tr_image_transparency_logo_645_x_300.png"/>
                    <item dummy="false" handle="" name="tr_image_transparency_logo_645_×_300.png" path="IBFS:/EDA/EDASERVE/ncs_public/images/tr_image_transparency_logo_645_×_300.png"/>
                    <item dummy="false" handle="" name="tr_image_usa_map.png" path="IBFS:/EDA/EDASERVE/ncs_public/images/tr_image_usa_map.png"/>
                    <item dummy="false" handle="" name="tr_image_wet_weight.png" path="IBFS:/EDA/EDASERVE/ncs_public/images/tr_image_wet_weight.png"/>
                    <item dummy="false" handle="" name="tr_image_wholesale_price.png" path="IBFS:/EDA/EDASERVE/ncs_public/images/tr_image_wholesale_price.png"/>
                    <item dummy="false" handle="" name="transparency_project.png" path="IBFS:/EDA/EDASERVE/ncs_public/images/transparency_project.png"/>
                    <item dummy="false" handle="" name="transparency_project2.png" path="IBFS:/EDA/EDASERVE/ncs_public/images/transparency_project2.png"/>
                    <item dummy="false" handle="" name="who_should_use_the_platform.png" path="IBFS:/EDA/EDASERVE/ncs_public/images/who_should_use_the_platform.png"/>
                </folder>
                <folder dummy="false" handle="" name="transparency_reports" path="IBFS:/EDA/EDASERVE/ncs_public/transparency_reports">
                    <item dummy="false" handle="" name="ncs_tr_hit_counter.mas" path="IBFS:/EDA/EDASERVE/ncs_public/transparency_reports/ncs_tr_hit_counter.mas"/>
                    <item dummy="false" handle="" name="procedure1.fex" path="IBFS:/EDA/EDASERVE/ncs_public/transparency_reports/procedure1.fex"/>
                    <item dummy="false" handle="" name="report1.fex" path="IBFS:/EDA/EDASERVE/ncs_public/transparency_reports/report1.fex"/>
                    <item dummy="false" handle="" name="trans_report_test.acx" path="IBFS:/EDA/EDASERVE/ncs_public/transparency_reports/trans_report_test.acx"/>
                    <item dummy="false" handle="" name="trans_report_test.mas" path="IBFS:/EDA/EDASERVE/ncs_public/transparency_reports/trans_report_test.mas"/>
                </folder>
            </folder>
        </folder>
    </folder>
</folder>
