<?xml version="1.0" encoding="UTF-8" standalone="no"?><rootObject _jt="ArrayList" size="3"><item class="com.ibi.ibfs.impex.IBFSImpExObject" dummy="false" fromSecurity="true" index="0"><resource _jt="IBFSRuleObject" compLvl="9999" dummy="false" length="0" pSetName="DomainBasicUser" resPathName="IBFS:/WFC/Repository/NCS_REPORTS" subject="NCSApp" subjectType="G" type="Rule"><verb _jt="IBSSVerb" name="PERMIT"/><applyTo class="com.ibi.ibss.IBSSApplyTo" name="FOLDER_AND_CHILDREN"/></resource><children class="java.util.TreeMap"/></item><item class="com.ibi.ibfs.impex.IBFSImpExObject" dummy="false" fromSecurity="true" index="1"><resource _jt="IBFSRuleObject" compLvl="0" dummy="false" length="0" pSetName="BIPViewOnly" resPathName="IBFS:/WFC/Repository/NCS_REPORTS/Documents/NCSPortal.prtl" subject="NCSApp" subjectType="G" type="Rule"><verb _jt="IBSSVerb" name="PERMIT"/><applyTo class="com.ibi.ibss.IBSSApplyTo" name="FOLDER_AND_CHILDREN"/></resource><children class="java.util.TreeMap"/></item><item class="com.ibi.ibfs.impex.IBFSImpExObject" dummy="false" fromSecurity="true" index="2"><resource _jt="IBFSRuleObject" compLvl="0" dummy="false" length="0" pSetName="BIPCreatePortal" resPathName="IBFS:/WFC/Repository/NCS_REPORTS/Documents/NCSPortal.prtl" subject="NCSApp" subjectType="G" type="Rule"><verb _jt="IBSSVerb" name="DENY"/><applyTo class="com.ibi.ibss.IBSSApplyTo" name="FOLDER_AND_CHILDREN"/></resource><children class="java.util.TreeMap"/></item></rootObject>