<?xml version="1.0" encoding="UTF-8" standalone="no"?><rootObject _jt="ArrayList" size="3"><item class="com.ibi.ibfs.objects.IBFSUserGroupMapping" dummy="false" groupFullPath="IBFS:/SSYS/GROUPS/NCSApp" index="0" length="0" type="unknownType"><userNames _jt="ArrayList" size="0"/></item><item class="com.ibi.ibfs.objects.IBFSUserGroupMapping" dummy="false" groupFullPath="IBFS:/SSYS/GROUPS/NCSApp" index="1" length="0" type="unknownType"><userNames _jt="ArrayList" size="0"/></item><item class="com.ibi.ibfs.objects.IBFSUserGroupMapping" dummy="false" groupFullPath="IBFS:/SSYS/GROUPS/NCSApp" index="2" length="0" type="unknownType"><userNames _jt="ArrayList" size="0"/></item></rootObject>